
-- the password hash is generated by BCrypt Calculator Generator(https://www.dailycred.com/article/bcrypt-calculator)
INSERT INTO user (id, username, password, firstname, lastname) VALUES (1, 'user', '$2a$04$Vbug2lwwJGrvUXTj6z7ff.97IzVBkrJ1XfApfGNl.Z695zqcnPYra', 'Fan', 'Jin');
INSERT INTO user (id, username, password, firstname, lastname) VALUES (2, 'admin', '$2a$04$Vbug2lwwJGrvUXTj6z7ff.97IzVBkrJ1XfApfGNl.Z695zqcnPYra', 'Jing', 'Xiao');
INSERT INTO user (id, username, password, firstname, lastname) VALUES (3, 'victor', '$2a$04$Vbug2lwwJGrvUXTj6z7ff.97IzVBkrJ1XfApfGNl.Z695zqcnPYra', 'Victor', 'Abeledo');

INSERT INTO authority (id, name) VALUES (1, 'ROLE_USER');
INSERT INTO authority (id, name) VALUES (2, 'ROLE_ADMIN');

INSERT INTO user_authority (user_id, authority_id) VALUES (1, 1);
INSERT INTO user_authority (user_id, authority_id) VALUES (2, 1);
INSERT INTO user_authority (user_id, authority_id) VALUES (2, 2);
INSERT INTO user_authority (user_id, authority_id) VALUES (3, 1);
INSERT INTO user_authority (user_id, authority_id) VALUES (3, 2);

INSERT INTO wt_exercise (id, author_id) VALUES (1, 3);
INSERT INTO wt_task (id, body, result, word, WORD_TRANSFORMATION_EXERCISE_ID, WORD_TRANSFORMATIONS_ID) VALUES (1, 'user', 'Fan', 'Jin', 1, 1);

INSERT INTO wt_exercise (id, author_id) VALUES (2, 2);
INSERT INTO wt_task (id, body, result, word, WORD_TRANSFORMATION_EXERCISE_ID, WORD_TRANSFORMATIONS_ID) VALUES (2, 'user2', 'woo', 'te', 2, 2);
INSERT INTO wt_task (id, body, result, word, WORD_TRANSFORMATION_EXERCISE_ID, WORD_TRANSFORMATIONS_ID) VALUES (3, 'user3', 'ass', '2', 2, 3);
