
-- the password hash is generated by BCrypt Calculator Generator(https://www.dailycred.com/article/bcrypt-calculator)
INSERT INTO user (id, username, password, firstname, lastname) VALUES (1, 'user', '$2a$04$Vbug2lwwJGrvUXTj6z7ff.97IzVBkrJ1XfApfGNl.Z695zqcnPYra', 'Fan', 'Jin');
INSERT INTO user (id, username, password, firstname, lastname) VALUES (2, 'admin', '$2a$04$Vbug2lwwJGrvUXTj6z7ff.97IzVBkrJ1XfApfGNl.Z695zqcnPYra', 'Jing', 'Xiao');
INSERT INTO user (id, username, password, firstname, lastname) VALUES (3, 'victor', '$2a$04$Vbug2lwwJGrvUXTj6z7ff.97IzVBkrJ1XfApfGNl.Z695zqcnPYra', 'Victor', 'Abeledo');

INSERT INTO authority (id, name) VALUES (1, 'ROLE_USER');
INSERT INTO authority (id, name) VALUES (2, 'ROLE_ADMIN');

INSERT INTO user_authority (user_id, authority_id) VALUES (1, 1);
INSERT INTO user_authority (user_id, authority_id) VALUES (2, 1);
INSERT INTO user_authority (user_id, authority_id) VALUES (2, 2);
INSERT INTO user_authority (user_id, authority_id) VALUES (3, 1);
INSERT INTO user_authority (user_id, authority_id) VALUES (3, 2);



INSERT INTO wt_exercise (id, author_id) VALUES (1,2)
INSERT INTO wt_task (task_id, body, result, word, word_at_index) VALUES (1, 'test loaded from import.sql', 'testResult', 'testWord', 0)
INSERT INTO wt_exercise_wt_task (wt_exercise_id, wt_task_task_id) VALUES (1,1)


INSERT INTO wt_exercise (id, author_id) VALUES (2,3)
INSERT INTO wt_task (task_id, body, result, word, word_at_index) VALUES (2, 'second loaded from import.sql', 'myRes', 'word', 8)
INSERT INTO wt_task (task_id, body, result, word, word_at_index) VALUES (3, 'two items array from db', 'array', 'awesome', 2)
INSERT INTO wt_exercise_wt_task (wt_exercise_id, wt_task_task_id) VALUES (2,2)
INSERT INTO wt_exercise_wt_task (wt_exercise_id, wt_task_task_id) VALUES (2,3)
